1,Colin Stewart,(699) 832-1590,ColinStewart123@gmail.com,"10401 Bennett Road, Fredonia NY 14063",1
2,Braden Wood,(600) 430-9500,BradenWood123@gmail.com,"1818 State Route 3, Fulton NY 13069",2
3,Brady Thompson,(856) 478-3020,BradyThompson123@gmail.com,"4300 Lakeville Road, Geneseo NY 14454",3
4,Chuck Anderson,(793) 808-0062,ChuckAnderson123@gmail.com,"990 Route 5 20, Geneva NY 14456",4
5,Benton Hill,(572) 887-1321,BentonHill123@gmail.com,"311 RT 9W, Glenmont NY 12077",5
6,Cian Green,(272) 390-8770,CianGreen123@gmail.com,"200 Dutch Meadows Ln, Glenville NY 12302",6
7,Benton Davis,(769) 898-7841,BentonDavis123@gmail.com,"100 Elm Ridge Center Dr, Greece NY 14626",7
8,Alex Bennett,(772) 791-2521,AlexBennett123@gmail.com,"1549 Rt 9, Halfmoon NY 12065",8
9,Braden Carter,(550) 207-6541,BradenCarter123@gmail.com,"5360 Southwestern Blvd, Hamburg NY 14075",9
10,Benji Stewart,(214) 727-4697,BenjiStewart123@gmail.com,"103 North Caroline St, Herkimer NY 13350",10
11,Alex Scott,(402) 748-3007,AlexScott123@gmail.com,"1000 State Route 36, Hornell NY 14843",11
12,Braden Green,(344) 689-9788,BradenGreen123@gmail.com,"1400 County Rd 64, Horseheads NY 14845",12
13,Chris Price,(289) 227-0828,ChrisPrice123@gmail.com,"135 Fairgrounds Memorial Pkwy, Ithaca NY 14850",13
14,Chuck Garcia,(325) 895-8765,ChuckGarcia123@gmail.com,"2 Gannett Dr, Johnson City NY 13790",14
15,Clinton Barnes,(480) 866-0136,ClintonBarnes123@gmail.com,"233 5th Ave Ext, Johnstown NY 12095",15
16,Colin Lopez,(565) 563-9243,ColinLopez123@gmail.com,"601 Frank Stottile Blvd, Kingston NY 12401",16
17,Braden Ross,(533) 538-6174,BradenRoss123@gmail.com,"350 E Fairmount Ave, Lakewood NY 14750",17
18,Aiden Ross,(554) 708-4012,AidenRoss123@gmail.com,"4975 Transit Rd, Lancaster NY 14086",18
19,Boss Ross,(259) 958-5617,BossRoss123@gmail.com,"579 Troy-Schenectady Road, Latham NY 12110",19
20,Alex Carter,(205) 410-1200,AlexCarter123@gmail.com,"5783 So Transit Road, Lockport NY 14094",20
21,Bert Carter,(934) 691-4654,BertCarter123@gmail.com,"7155 State Rt 12 S, Lowville NY 13367",21
22,Bobby Powell,(738) 869-0498,BobbyPowell123@gmail.com,"425 Route 31, Macedon NY 14502",22
23,Bobby Mercy,(985) 209-4610,BobbyMercy123@gmail.com,"3222 State Rt 11, Malone NY 12953",23
24,Alex Davis,(731) 771-8486,AlexDavis123@gmail.com,"200 Sunrise Mall, Massapequa NY 11758",24
25,Benji Scott,(446) 913-3084,BenjiScott123@gmail.com,"43 Stephenville St, Massena NY 13662",25
26,Bowen Carter,(435) 225-4839,BowenCarter123@gmail.com,"685 Schillinger Rd, Mobile AL 36695",26
27,Cian Davis,(640) 816-3054,CianDavis123@gmail.com,"3371 S Alabama Ave, Monroeville AL 36460",27
28,Brady Green,(713) 375-0658,BradyGreen123@gmail.com,"10710 Chantilly Pkwy, Montgomery AL 36117",28
29,Clifton Taylor,(719) 826-5781,CliftonTaylor123@gmail.com,"3801 Eastern Blvd, Montgomery AL 36116",29
30,Chris Garcia,(941) 564-4180,ChrisGarcia123@gmail.com,"6495 Atlanta Hwy, Montgomery AL 36117",30
31,Bob Ross,(231) 783-4172,BobRoss123@gmail.com,"851 Ann St, Montgomery AL 36107",31
32,Alastair Flores,(311) 674-8357,AlastairFlores123@gmail.com,"15445 Highway 24, Moulton AL 35650",32
33,Braden Lopez,(840) 838-0391,BradenLopez123@gmail.com,"517 West Avalon Ave, Muscle Shoals AL 35661",33
34,Aiden Taylor,(213) 247-7440,AidenTaylor123@gmail.com,"5710 Mcfarland Blvd, Northport AL 35476",34
35,Colin Hughes,(947) 935-4710,ColinHughes123@gmail.com,"2453 2Nd Avenue East, Oneonta AL 35121 ",35
36,Alastair Carter,(508) 775-4607,AlastairCarter123@gmail.com,"2900 Pepperrell Pkwy, Opelika AL 36801",36
37,Brady Thompson,(796) 341-7616,BradyThompson123@gmail.com,"92 Plaza Lane, Oxford AL 36203",37
38,Cody Flores,(623) 271-2305,CodyFlores123@gmail.com,"1537 Hwy 231 South, Ozark AL 36360",38
39,Boss Henderson,(465) 962-3248,BossHenderson123@gmail.com,"2181 Pelham Pkwy, Pelham AL 35124",39
40,Chester Lopez,(883) 559-8987,ChesterLopez123@gmail.com,"165 Vaughan Ln, Pell City AL 35125",40
41,Bob Hill,(490) 341-8597,BobHill123@gmail.com,"3700 Hwy 280-431 N, Phenix City AL 36867",41
42,Benji Bennett,(661) 570-6070,BenjiBennett123@gmail.com,"1903 Cobbs Ford Rd, Prattville AL 36066",42
43,Abdul Lopez,(421) 840-4707,AbdulLopez123@gmail.com,"4180 Us Hwy 431, Roanoke AL 36274",43
44,Chris Flores,(432) 526-6596,ChrisFlores123@gmail.com,"13675 Hwy 43, Russellville AL 35653",44
45,Alfonse Coleman,(739) 457-3213,AlfonseColeman123@gmail.com,"1095 Industrial Pkwy, Saraland AL 36571",45
46,Abdul Carter,(302) 865-0520,AbdulCarter123@gmail.com,"24833 Johnt Reidprkw, Scottsboro AL 35768",46
47,Alastair Clark,(378) 231-0576,AlastairClark123@gmail.com,"1501 Hwy 14 East, Selma AL 36703",47
48,Boss Powell,(701) 667-1501,BossPowell123@gmail.com,"7855 Moffett Rd, Semmes AL 36575",48
49,Abdul Stewart,(380) 825-7985,AbdulStewart123@gmail.com,"150 Springville Station Blvd, Springville AL 35146",49
50,Bobby Price,(803) 596-4001,BobbyPrice123@gmail.com,"690 Hwy 78, Sumiton AL 35148",50
